Transaction Date,Posted Date,Description,Category,Debit,Credit
01/01/2025,01/01/2025,COSTCO WHSE #0123,Shopping,171.40,
12/31/2024,01/01/2025,COSTCO WHSE #0123,Shopping,256.72,
01/02/2025,01/03/2025,CHEWY.COM,Shopping,47.67,
01/05/2025,01/05/2025,KROGER #0412,Groceries,155.68,
01/04/2025,01/05/2025,ANNUAL MEMBERSHIP FEE,Fees & Adjustments,95.00,
01/05/2025,01/07/2025,SAMPLE PIZZA CO,Food & Drink,31.46,
01/05/2025,01/07/2025,NETFLIX.COM,Entertainment,15.49,
01/08/2025,01/08/2025,COSTCO GAS #0123,Gas,51.52,
01/07/2025,01/09/2025,PANERA BREAD #602,Food & Drink,57.06,
01/13/2025,01/13/2025,ALDI 77,Groceries,185.70,
01/11/2025,01/13/2025,SAMPLE PIZZA CO,Food & Drink,41.76,
01/14/2025,01/14/2025,SAMPLE PIZZA CO,Food & Drink,15.93,
01/14/2025,01/14/2025,SPOTIFY USA,Entertainment,11.99,
01/18/2025,01/18/2025,KROGER #0412,Groceries,172.05,
01/18/2025,01/18/2025,AMAZON MKTPL*AU1GSW,Shopping,16.54,
01/17/2025,01/18/2025,TARGET 00012345,Shopping,35.27,
01/18/2025,01/19/2025,SHELL OIL 57441,Gas,45.86,
01/18/2025,01/20/2025,TARGET 00012345,Shopping,104.70,
01/23/2025,01/23/2025,SHELL OIL 57441,Gas,43.13,
01/22/2025,01/24/2025,KROGER #0412,Groceries,128.08,
01/25/2025,01/25/2025,AMAZON MKTPL*B8RQXP,Shopping,65.05,
01/25/2025,01/25/2025,PANERA BREAD #602,Food & Drink,24.48,
01/25/2025,01/26/2025,AMAZON MKTPL*SRU2RR,Shopping,63.89,
01/26/2025,01/28/2025,CVS/PHARMACY #4410,Health & Wellness,19.80,
01/27/2025,01/29/2025,AMAZON MKTPL*LRZCDA,Shopping,69.12,
01/30/2025,01/30/2025,CHIPOTLE 1834,Food & Drink,63.48,
01/28/2025,01/30/2025,LOWES #01944,Home,66.36,
01/29/2025,01/31/2025,KROGER #0412,Groceries,178.77,
02/01/2025,02/01/2025,SHELL OIL 57441,Gas,50.14,
02/01/2025,02/01/2025,SHELL OIL 57441,Gas,47.31,
02/01/2025,02/02/2025,CHIPOTLE 1834,Food & Drink,32.40,
02/02/2025,02/03/2025,PANERA BREAD #602,Food & Drink,64.90,
02/02/2025,02/03/2025,CHIPOTLE 1834,Food & Drink,61.00,
02/05/2025,02/05/2025,AMAZON MKTPL*J5BBHE,Shopping,37.63,
02/05/2025,02/05/2025,PANERA BREAD #602,Food & Drink,29.76,
02/03/2025,02/05/2025,CHEWY.COM,Shopping,48.39,
02/05/2025,02/06/2025,KROGER #0412,Groceries,173.72,
02/06/2025,02/06/2025,BRIGHT SMILE DENTAL,Health & Wellness,45.00,
02/07/2025,02/07/2025,NETFLIX.COM,Entertainment,15.49,
02/07/2025,02/08/2025,AMAZON MKTPL*J8BPT7,Shopping,45.48,
02/08/2025,02/09/2025,COSTCO GAS #0123,Gas,38.38,
02/11/2025,02/11/2025,AMAZON MKTPL*B39LGR,Shopping,109.38,
02/12/2025,02/13/2025,ALDI 77,Groceries,180.35,
02/13/2025,02/13/2025,AMAZON MKTPL*J8BPT7,Shopping,,45.48
02/12/2025,02/13/2025,TARGET 00012345,Shopping,42.02,
02/12/2025,02/14/2025,SAMPLE PIZZA CO,Food & Drink,61.01,
02/14/2025,02/14/2025,SPOTIFY USA,Entertainment,11.99,
02/14/2025,02/16/2025,TARGET 00012345,Shopping,41.98,
02/17/2025,02/19/2025,PANERA BREAD #602,Food & Drink,39.89,
02/20/2025,02/20/2025,PANERA BREAD #602,Food & Drink,54.77,
02/20/2025,02/21/2025,KROGER #0412,Groceries,117.46,
02/19/2025,02/21/2025,AMAZON MKTPL*DY26M6,Shopping,25.07,
02/21/2025,02/23/2025,ALDI 77,Groceries,171.20,
02/23/2025,02/25/2025,LOWES #01944,Home,127.61,
02/25/2025,02/25/2025,AUTOMATIC PAYMENT - THANK YOU,,,2233.96
02/26/2025,02/27/2025,AMAZON MKTPL*EL6QRZ,Shopping,64.97,
02/26/2025,02/27/2025,COSTCO WHSE #0123,Shopping,212.46,
02/27/2025,02/27/2025,PANERA BREAD #602,Food & Drink,64.68,
02/25/2025,02/27/2025,PANERA BREAD #602,Food & Drink,34.12,
02/27/2025,02/28/2025,COSTCO WHSE #0123,Shopping,229.16,
03/03/2025,03/03/2025,ALDI 77,Groceries,134.95,
03/01/2025,03/03/2025,SAMPLE PIZZA CO,Food & Drink,12.75,
03/04/2025,03/05/2025,CHIPOTLE 1834,Food & Drink,23.99,
03/06/2025,03/06/2025,CHEWY.COM,Shopping,47.40,
03/07/2025,03/07/2025,NETFLIX.COM,Entertainment,15.49,
03/08/2025,03/09/2025,AMAZON MKTPL*88QMGF,Shopping,42.38,
03/09/2025,03/10/2025,SHELL OIL 57441,Gas,40.85,
03/08/2025,03/10/2025,SAMPLE PIZZA CO,Food & Drink,38.06,
03/11/2025,03/11/2025,AMAZON MKTPL*3M4SPU,Shopping,86.08,
03/11/2025,03/11/2025,TARGET 00012345,Shopping,39.37,
03/09/2025,03/11/2025,CVS/PHARMACY #4410,Health & Wellness,41.26,
03/12/2025,03/13/2025,ALDI 77,Groceries,134.46,
03/12/2025,03/14/2025,SPOTIFY USA,Entertainment,11.99,
03/15/2025,03/16/2025,CHIPOTLE 1834,Food & Drink,13.00,
03/15/2025,03/16/2025,PANERA BREAD #602,Food & Drink,48.90,
03/19/2025,03/19/2025,KROGER #0412,Groceries,133.68,
03/18/2025,03/20/2025,COSTCO WHSE #0123,Shopping,165.94,
03/19/2025,03/21/2025,CHIPOTLE 1834,Food & Drink,33.53,
03/21/2025,03/22/2025,KROGER #0412,Groceries,101.16,
03/22/2025,03/22/2025,AMAZON MKTPL*FPG4W0,Shopping,22.96,
03/22/2025,03/22/2025,COSTCO GAS #0123,Gas,51.27,
03/24/2025,03/24/2025,CHIPOTLE 1834,Food & Drink,61.44,
03/25/2025,03/25/2025,AUTOMATIC PAYMENT - THANK YOU,,,2232.24
03/26/2025,03/26/2025,SHELL OIL 57441,Gas,39.30,
03/24/2025,03/26/2025,SAMPLE PIZZA CO,Food & Drink,29.67,
03/27/2025,03/27/2025,TARGET 00012345,Shopping,109.60,
03/26/2025,03/27/2025,CHIPOTLE 1834,Food & Drink,16.30,
03/27/2025,03/27/2025,LOWES #01944,Home,174.97,
03/26/2025,03/28/2025,AMAZON MKTPL*QD9GD4,Shopping,112.73,
03/27/2025,03/28/2025,CHIPOTLE 1834,Food & Drink,16.52,
03/28/2025,03/29/2025,ALDI 77,Groceries,95.87,
03/27/2025,03/29/2025,COSTCO WHSE #0123,Shopping,149.42,
03/29/2025,03/31/2025,AMAZON MKTPL*MFWAQG,Shopping,46.47,
03/30/2025,04/01/2025,TARGET 00012345,Shopping,37.10,
04/01/2025,04/03/2025,KROGER #0412,Groceries,132.55,
04/02/2025,04/04/2025,SHELL OIL 57441,Gas,50.73,
04/04/2025,04/05/2025,CHEWY.COM,Shopping,46.89,
04/06/2025,04/07/2025,NETFLIX.COM,Entertainment,15.49,
04/08/2025,04/08/2025,AMAZON MKTPL*YET4KX,Shopping,96.93,
04/08/2025,04/08/2025,TARGET 00012345,Shopping,60.06,
04/07/2025,04/09/2025,KROGER #0412,Groceries,155.46,
04/10/2025,04/10/2025,PANERA BREAD #602,Food & Drink,38.66,
04/11/2025,04/11/2025,PANERA BREAD #602,Food & Drink,49.25,
04/10/2025,04/11/2025,SAMPLE PIZZA CO,Food & Drink,25.98,
04/10/2025,04/12/2025,SHELL OIL 57441,Gas,35.87,
04/12/2025,04/13/2025,LOWES #01944,Home,166.22,
04/13/2025,04/14/2025,COSTCO GAS #0123,Gas,38.09,
04/13/2025,04/14/2025,PANERA BREAD #602,Food & Drink,49.75,
04/13/2025,04/14/2025,SPOTIFY USA,Entertainment,11.99,
04/13/2025,04/15/2025,KROGER #0412,Groceries,94.94,
04/19/2025,04/19/2025,COSTCO WHSE #0123,Shopping,199.85,
04/18/2025,04/20/2025,AMAZON MKTPL*8VBYY6,Shopping,37.30,
04/18/2025,04/20/2025,COSTCO WHSE #0123,Shopping,205.00,
04/20/2025,04/22/2025,PANERA BREAD #602,Food & Drink,48.43,
04/25/2025,04/25/2025,AUTOMATIC PAYMENT - THANK YOU,,,2091.76
04/26/2025,04/26/2025,KROGER #0412,Groceries,183.58,
04/26/2025,04/28/2025,AMAZON MKTPL*EYVSLF,Shopping,31.76,
04/29/2025,04/29/2025,ALDI 77,Groceries,130.53,
04/28/2025,04/29/2025,SAMPLE PIZZA CO,Food & Drink,20.83,
04/29/2025,05/01/2025,KROGER #0412,Groceries,97.82,
04/29/2025,05/01/2025,PANERA BREAD #602,Food & Drink,22.40,
05/03/2025,05/03/2025,PANERA BREAD #602,Food & Drink,37.12,
05/03/2025,05/04/2025,CHEWY.COM,Shopping,48.32,
05/04/2025,05/05/2025,SHELL OIL 57441,Gas,48.72,
05/05/2025,05/05/2025,CHIPOTLE 1834,Food & Drink,31.53,
05/06/2025,05/07/2025,AMAZON MKTPL*WWRB6Z,Shopping,111.95,
05/05/2025,05/07/2025,NETFLIX.COM,Entertainment,15.49,
05/09/2025,05/10/2025,AMAZON MKTPL*9FQZKE,Shopping,22.21,
05/10/2025,05/11/2025,TARGET 00012345,Shopping,61.62,
05/10/2025,05/12/2025,CVS/PHARMACY #4410,Health & Wellness,9.71,
05/12/2025,05/13/2025,KROGER #0412,Groceries,121.02,
05/13/2025,05/13/2025,SAMPLE PIZZA CO,Food & Drink,21.02,
05/13/2025,05/14/2025,PANERA BREAD #602,Food & Drink,45.00,
05/12/2025,05/14/2025,SPOTIFY USA,Entertainment,11.99,
05/17/2025,05/18/2025,KROGER #0412,Groceries,140.37,
05/18/2025,05/18/2025,COSTCO WHSE #0123,Shopping,142.23,
05/18/2025,05/18/2025,SHELL OIL 57441,Gas,33.44,
05/19/2025,05/21/2025,CHIPOTLE 1834,Food & Drink,38.58,
05/20/2025,05/21/2025,SAMPLE PIZZA CO,Food & Drink,40.41,
05/21/2025,05/22/2025,LOWES #01944,Home,141.36,
05/21/2025,05/23/2025,ALDI 77,Groceries,176.18,
05/23/2025,05/23/2025,TARGET 00012345,Shopping,59.84,
05/23/2025,05/25/2025,AMAZON MKTPL*GBZZ7A,Shopping,55.93,
05/25/2025,05/25/2025,AUTOMATIC PAYMENT - THANK YOU,,,1963.24
05/25/2025,05/26/2025,SAMPLE PIZZA CO,Food & Drink,26.77,
05/26/2025,05/27/2025,COSTCO GAS #0123,Gas,49.91,
05/26/2025,05/28/2025,AMAZON MKTPL*XF70JR,Shopping,90.67,
05/26/2025,05/28/2025,COSTCO WHSE #0123,Shopping,211.80,
05/27/2025,05/29/2025,AMAZON MKTPL*C87RT7,Shopping,39.18,
05/31/2025,05/31/2025,AMAZON MKTPL*XF70JR,Shopping,,90.67
05/31/2025,06/02/2025,CHIPOTLE 1834,Food & Drink,45.97,
06/03/2025,06/03/2025,PANERA BREAD #602,Food & Drink,44.21,
06/03/2025,06/05/2025,KROGER #0412,Groceries,143.12,
06/04/2025,06/05/2025,SHELL OIL 57441,Gas,44.99,
06/05/2025,06/05/2025,SAMPLE PIZZA CO,Food & Drink,60.79,
06/05/2025,06/06/2025,CHEWY.COM,Shopping,47.18,
06/07/2025,06/07/2025,NETFLIX.COM,Entertainment,15.49,
06/07/2025,06/08/2025,TARGET 00012345,Shopping,43.66,
06/06/2025,06/08/2025,THE HOME DEPOT #3812,Home,29.36,
06/09/2025,06/10/2025,ALDI 77,Groceries,179.01,
06/08/2025,06/10/2025,COSTCO WHSE #0123,Shopping,218.01,
06/09/2025,06/11/2025,CHIPOTLE 1834,Food & Drink,34.45,
06/14/2025,06/14/2025,SPOTIFY USA,Entertainment,11.99,
06/14/2025,06/15/2025,KROGER #0412,Groceries,180.74,
06/15/2025,06/15/2025,SHELL OIL 57441,Gas,42.24,
06/18/2025,06/18/2025,AMAZON MKTPL*VYCGK2,Shopping,78.10,
06/18/2025,06/20/2025,AMAZON MKTPL*J764MB,Shopping,94.36,
06/22/2025,06/22/2025,AMAZON MKTPL*6GUCMY,Shopping,116.90,
06/21/2025,06/22/2025,PANERA BREAD #602,Food & Drink,41.65,
06/22/2025,06/23/2025,COSTCO WHSE #0123,Shopping,225.92,
06/22/2025,06/23/2025,CHIPOTLE 1834,Food & Drink,31.39,
06/23/2025,06/24/2025,AMAZON MKTPL*EEG56D,Shopping,54.36,
06/25/2025,06/25/2025,AUTOMATIC PAYMENT - THANK YOU,,,1861.92
06/24/2025,06/26/2025,SAMPLE PIZZA CO,Food & Drink,59.17,
06/26/2025,06/27/2025,ALDI 77,Groceries,187.78,
06/25/2025,06/27/2025,PANERA BREAD #602,Food & Drink,54.07,
06/26/2025,06/28/2025,SAMPLE PIZZA CO,Food & Drink,21.20,
06/27/2025,06/29/2025,SAMPLE PIZZA CO,Food & Drink,25.68,
06/30/2025,06/30/2025,COSTCO GAS #0123,Gas,54.62,
06/29/2025,07/01/2025,CHIPOTLE 1834,Food & Drink,39.86,
07/03/2025,07/03/2025,PANERA BREAD #602,Food & Drink,55.37,
07/03/2025,07/03/2025,SAMPLE PIZZA CO,Food & Drink,17.72,
07/01/2025,07/03/2025,CHEWY.COM,Shopping,48.30,
07/02/2025,07/04/2025,CHIPOTLE 1834,Food & Drink,43.34,
07/03/2025,07/05/2025,SAMPLE PIZZA CO,Food & Drink,56.29,
07/05/2025,07/06/2025,ALDI 77,Groceries,114.30,
07/05/2025,07/07/2025,NETFLIX.COM,Entertainment,15.49,
07/07/2025,07/08/2025,KROGER #0412,Groceries,154.43,
07/07/2025,07/08/2025,AMAZON MKTPL*284P95,Shopping,55.31,
07/08/2025,07/08/2025,SAMPLE PIZZA CO,Food & Drink,65.87,
07/10/2025,07/10/2025,AMAZON MKTPL*S4ZNSH,Shopping,76.16,
07/09/2025,07/10/2025,CHIPOTLE 1834,Food & Drink,19.54,
07/11/2025,07/11/2025,AMAZON MKTPL*5Q9D2Q,Shopping,77.23,
07/10/2025,07/11/2025,TARGET 00012345,Shopping,70.99,
07/12/2025,07/14/2025,SPOTIFY USA,Entertainment,11.99,
07/17/2025,07/17/2025,TARGET 00012345,Shopping,89.10,
07/16/2025,07/17/2025,THE HOME DEPOT #3812,Home,148.05,
07/16/2025,07/18/2025,KROGER #0412,Groceries,151.78,
07/19/2025,07/19/2025,AMAZON MKTPL*GXSDJW,Shopping,53.49,
07/19/2025,07/19/2025,SHELL OIL 57441,Gas,41.95,
07/21/2025,07/22/2025,COSTCO WHSE #0123,Shopping,213.98,
07/21/2025,07/22/2025,THE HOME DEPOT #3812,Home,118.90,
07/22/2025,07/23/2025,COSTCO WHSE #0123,Shopping,189.26,
07/22/2025,07/24/2025,SHELL OIL 57441,Gas,48.58,
07/23/2025,07/24/2025,PANERA BREAD #602,Food & Drink,37.24,
07/25/2025,07/25/2025,AUTOMATIC PAYMENT - THANK YOU,,,2186.41
07/26/2025,07/26/2025,SAMPLE PIZZA CO,Food & Drink,26.69,
07/26/2025,07/27/2025,COSTCO GAS #0123,Gas,53.17,
07/26/2025,07/27/2025,SAMPLE PIZZA CO,Food & Drink,28.10,
07/28/2025,07/28/2025,ALDI 77,Groceries,108.55,
07/26/2025,07/28/2025,CVS/PHARMACY #4410,Health & Wellness,39.35,
07/30/2025,07/30/2025,KROGER #0412,Groceries,144.75,
07/31/2025,08/01/2025,SHELL OIL 57441,Gas,42.83,
08/01/2025,08/02/2025,COSTCO GAS #0123,Gas,41.17,
08/04/2025,08/05/2025,ALDI 77,Groceries,181.98,
08/05/2025,08/05/2025,LOWES #01944,Home,88.77,
08/05/2025,08/06/2025,CHEWY.COM,Shopping,48.90,
08/07/2025,08/07/2025,NETFLIX.COM,Entertainment,15.49,
08/08/2025,08/08/2025,SAMPLE PIZZA CO,Food & Drink,34.74,
08/08/2025,08/09/2025,TARGET 00012345,Shopping,51.92,
08/07/2025,08/09/2025,BRIGHT SMILE DENTAL,Health & Wellness,45.00,
08/10/2025,08/12/2025,PANERA BREAD #602,Food & Drink,67.83,
08/13/2025,08/13/2025,ALDI 77,Groceries,120.96,
08/12/2025,08/13/2025,COSTCO WHSE #0123,Shopping,196.72,
08/13/2025,08/13/2025,SHELL OIL 57441,Gas,44.55,
08/13/2025,08/13/2025,CHIPOTLE 1834,Food & Drink,67.62,
08/14/2025,08/14/2025,SPOTIFY USA,Entertainment,11.99,
08/14/2025,08/16/2025,PANERA BREAD #602,Food & Drink,51.78,
08/15/2025,08/17/2025,KROGER #0412,Groceries,175.61,
08/16/2025,08/17/2025,COSTCO WHSE #0123,Shopping,221.79,
08/16/2025,08/17/2025,PANERA BREAD #602,Food & Drink,31.86,
08/17/2025,08/18/2025,SAMPLE PIZZA CO,Food & Drink,19.72,
08/21/2025,08/22/2025,ALDI 77,Groceries,134.97,
08/21/2025,08/23/2025,PANERA BREAD #602,Food & Drink,31.72,
08/22/2025,08/24/2025,AMAZON MKTPL*JGPVWL,Shopping,119.83,
08/25/2025,08/25/2025,AUTOMATIC PAYMENT - THANK YOU,,,2415.13
08/24/2025,08/26/2025,AMAZON MKTPL*UK4ENE,Shopping,112.31,
08/25/2025,08/26/2025,AMAZON MKTPL*0419ZX,Shopping,78.14,
08/25/2025,08/27/2025,PANERA BREAD #602,Food & Drink,25.35,
08/28/2025,08/29/2025,KROGER #0412,Groceries,141.51,
08/29/2025,08/30/2025,AMAZON MKTPL*4J23VA,Shopping,78.60,
08/31/2025,08/31/2025,AMAZON MKTPL*UK4ENE,Shopping,,112.31
08/29/2025,08/31/2025,CHIPOTLE 1834,Food & Drink,26.73,
08/30/2025,08/31/2025,SAMPLE PIZZA CO,Food & Drink,35.49,
09/01/2025,09/01/2025,AMAZON MKTPL*HRSDT6,Shopping,38.89,
09/02/2025,09/03/2025,CHEWY.COM,Shopping,47.57,
09/02/2025,09/04/2025,KROGER #0412,Groceries,147.48,
09/05/2025,09/07/2025,AMAZON MKTPL*6QFD3G,Shopping,101.92,
09/07/2025,09/07/2025,SHELL OIL 57441,Gas,38.99,
09/05/2025,09/07/2025,NETFLIX.COM,Entertainment,15.49,
09/09/2025,09/09/2025,CHIPOTLE 1834,Food & Drink,11.40,
09/08/2025,09/10/2025,TARGET 00012345,Shopping,35.09,
09/11/2025,09/11/2025,AMAZON MKTPL*W7E2XD,Shopping,40.02,
09/09/2025,09/11/2025,SAMPLE PIZZA CO,Food & Drink,29.34,
09/11/2025,09/13/2025,THE HOME DEPOT #3812,Home,31.30,
09/12/2025,09/14/2025,KROGER #0412,Groceries,102.68,
09/13/2025,09/14/2025,SPOTIFY USA,Entertainment,11.99,
09/16/2025,09/16/2025,CVS/PHARMACY #4410,Health & Wellness,28.95,
09/18/2025,09/18/2025,KROGER #0412,Groceries,145.31,
09/18/2025,09/19/2025,COSTCO WHSE #0123,Shopping,241.77,
09/22/2025,09/22/2025,SAMPLE PIZZA CO,Food & Drink,61.45,
09/21/2025,09/23/2025,SAMPLE PIZZA CO,Food & Drink,64.15,
09/22/2025,09/24/2025,ALDI 77,Groceries,134.45,
09/23/2025,09/24/2025,CHIPOTLE 1834,Food & Drink,24.35,
09/23/2025,09/25/2025,AMAZON MKTPL*F2SMMV,Shopping,97.23,
09/25/2025,09/25/2025,AUTOMATIC PAYMENT - THANK YOU,,,2233.57
09/24/2025,09/26/2025,COSTCO GAS #0123,Gas,50.76,
09/27/2025,09/27/2025,SHELL OIL 57441,Gas,46.42,
09/26/2025,09/27/2025,PANERA BREAD #602,Food & Drink,48.34,
09/28/2025,09/28/2025,COSTCO WHSE #0123,Shopping,187.03,
09/26/2025,09/28/2025,TARGET 00012345,Shopping,97.15,
09/28/2025,09/28/2025,PANERA BREAD #602,Food & Drink,15.21,
09/29/2025,10/01/2025,KROGER #0412,Groceries,160.13,
10/01/2025,10/01/2025,SHELL OIL 57441,Gas,38.23,
09/30/2025,10/02/2025,COSTCO WHSE #0123,Shopping,169.53,
10/02/2025,10/03/2025,PANERA BREAD #602,Food & Drink,30.05,
10/03/2025,10/04/2025,AMAZON MKTPL*CBBAQD,Shopping,97.69,
10/05/2025,10/05/2025,AMAZON MKTPL*TJJ3RD,Shopping,40.36,
10/05/2025,10/06/2025,CHEWY.COM,Shopping,48.23,
10/05/2025,10/07/2025,NETFLIX.COM,Entertainment,15.49,
10/07/2025,10/08/2025,AMAZON MKTPL*8SZTK4,Shopping,42.61,
10/13/2025,10/13/2025,KROGER #0412,Groceries,91.40,
10/14/2025,10/14/2025,COSTCO GAS #0123,Gas,40.41,
10/13/2025,10/14/2025,SPOTIFY USA,Entertainment,11.99,
10/17/2025,10/18/2025,AMAZON MKTPL*LJRLKD,Shopping,107.19,
10/19/2025,10/21/2025,ALDI 77,Groceries,148.33,
10/21/2025,10/22/2025,KROGER #0412,Groceries,133.70,
10/22/2025,10/22/2025,PANERA BREAD #602,Food & Drink,16.71,
10/23/2025,10/24/2025,TARGET 00012345,Shopping,78.85,
10/23/2025,10/24/2025,SAMPLE PIZZA CO,Food & Drink,21.74,
10/24/2025,10/25/2025,TARGET 00012345,Shopping,75.67,
10/24/2025,10/25/2025,LOWES #01944,Home,35.43,
10/25/2025,10/25/2025,AUTOMATIC PAYMENT - THANK YOU,,,1894.73
10/24/2025,10/26/2025,AMAZON MKTPL*ZYXRX9,Shopping,96.01,
10/24/2025,10/26/2025,COSTCO WHSE #0123,Shopping,250.72,
10/27/2025,10/27/2025,SAMPLE PIZZA CO,Food & Drink,26.41,
10/26/2025,10/27/2025,PANERA BREAD #602,Food & Drink,53.86,
10/27/2025,10/29/2025,SHELL OIL 57441,Gas,48.82,
10/30/2025,10/30/2025,CHIPOTLE 1834,Food & Drink,18.63,
10/29/2025,10/30/2025,PANERA BREAD #602,Food & Drink,15.21,
10/31/2025,11/01/2025,COSTCO WHSE #0123,Shopping,143.77,
11/02/2025,11/02/2025,ALDI 77,Groceries,131.32,
11/01/2025,11/03/2025,CHIPOTLE 1834,Food & Drink,44.52,
11/02/2025,11/04/2025,CHIPOTLE 1834,Food & Drink,57.42,
11/03/2025,11/04/2025,SAMPLE PIZZA CO,Food & Drink,26.26,
11/03/2025,11/05/2025,CHEWY.COM,Shopping,47.26,
11/04/2025,11/06/2025,SAMPLE PIZZA CO,Food & Drink,35.17,
11/05/2025,11/07/2025,NETFLIX.COM,Entertainment,15.49,
11/08/2025,11/08/2025,COSTCO GAS #0123,Gas,50.01,
11/09/2025,11/09/2025,PANERA BREAD #602,Food & Drink,35.91,
11/10/2025,11/10/2025,CHIPOTLE 1834,Food & Drink,65.80,
11/11/2025,11/11/2025,CHIPOTLE 1834,Food & Drink,61.23,
11/10/2025,11/12/2025,COSTCO WHSE #0123,Shopping,212.63,
11/11/2025,11/13/2025,KROGER #0412,Groceries,135.29,
11/13/2025,11/13/2025,PANERA BREAD #602,Food & Drink,39.29,
11/14/2025,11/14/2025,SPOTIFY USA,Entertainment,11.99,
11/13/2025,11/15/2025,AMAZON MKTPL*7DALX7,Shopping,35.68,
11/14/2025,11/15/2025,SAMPLE PIZZA CO,Food & Drink,60.42,
11/16/2025,11/16/2025,AMAZON MKTPL*12MJ1L,Shopping,35.01,
11/16/2025,11/17/2025,KROGER #0412,Groceries,102.06,
11/19/2025,11/19/2025,AMAZON MKTPL*12MJ1L,Shopping,,35.01
11/19/2025,11/20/2025,TARGET 00012345,Shopping,75.77,
11/19/2025,11/20/2025,SHELL OIL 57441,Gas,44.39,
11/24/2025,11/25/2025,THE HOME DEPOT #3812,Home,88.02,
11/25/2025,11/25/2025,AUTOMATIC PAYMENT - THANK YOU,,,1913.40
11/25/2025,11/26/2025,PANERA BREAD #602,Food & Drink,45.29,
11/26/2025,11/28/2025,KROGER #0412,Groceries,153.00,
11/26/2025,11/28/2025,AMAZON MKTPL*FF0KS7,Shopping,36.42,
11/29/2025,11/29/2025,ALDI 77,Groceries,175.70,
11/28/2025,11/29/2025,SHELL OIL 57441,Gas,33.01,
11/30/2025,11/30/2025,CVS/PHARMACY #4410,Health & Wellness,12.80,
11/30/2025,12/02/2025,KROGER #0412,Groceries,119.16,
12/02/2025,12/02/2025,COSTCO WHSE #0123,Shopping,158.34,
12/01/2025,12/02/2025,SHELL OIL 57441,Gas,39.14,
12/01/2025,12/03/2025,CHIPOTLE 1834,Food & Drink,12.39,
12/03/2025,12/05/2025,LOWES #01944,Home,83.02,
12/05/2025,12/05/2025,AMAZON MKTPL*UF3W31,Shopping,74.17,
12/04/2025,12/06/2025,CHEWY.COM,Shopping,47.43,
12/06/2025,12/07/2025,SHELL OIL 57441,Gas,46.21,
12/07/2025,12/07/2025,NETFLIX.COM,Entertainment,15.49,
12/05/2025,12/07/2025,AMAZON MKTPL*H0Z4YC,Shopping,92.90,
12/10/2025,12/10/2025,KROGER #0412,Groceries,85.62,
12/10/2025,12/10/2025,AMAZON MKTPL*652S74,Shopping,40.99,
12/10/2025,12/11/2025,AMAZON MKTPL*BLDEKN,Shopping,81.02,
12/12/2025,12/14/2025,SPOTIFY USA,Entertainment,11.99,
12/16/2025,12/16/2025,AMAZON MKTPL*FENBFB,Shopping,82.39,
12/16/2025,12/17/2025,KROGER #0412,Groceries,133.67,
12/15/2025,12/17/2025,PANERA BREAD #602,Food & Drink,67.12,
12/17/2025,12/17/2025,CHIPOTLE 1834,Food & Drink,19.34,
12/18/2025,12/18/2025,AMAZON MKTPL*VB4TT5,Shopping,87.35,
12/18/2025,12/19/2025,AMAZON MKTPL*FEGXE8,Shopping,67.91,
12/18/2025,12/19/2025,COSTCO WHSE #0123,Shopping,255.40,
12/19/2025,12/19/2025,TARGET 00012345,Shopping,84.56,
12/22/2025,12/22/2025,TARGET 00012345,Shopping,72.09,
12/21/2025,12/22/2025,PANERA BREAD #602,Food & Drink,37.97,
12/22/2025,12/23/2025,SAMPLE PIZZA CO,Food & Drink,20.93,
12/22/2025,12/24/2025,KROGER #0412,Groceries,169.78,
12/24/2025,12/25/2025,COSTCO GAS #0123,Gas,54.68,
12/24/2025,12/25/2025,CHIPOTLE 1834,Food & Drink,59.42,
12/25/2025,12/25/2025,AUTOMATIC PAYMENT - THANK YOU,,,1975.92
12/25/2025,12/27/2025,PANERA BREAD #602,Food & Drink,43.83,
12/29/2025,12/30/2025,SAMPLE PIZZA CO,Food & Drink,21.28,
12/30/2025,12/31/2025,ALDI 77,Groceries,105.19,
12/30/2025,12/31/2025,PANERA BREAD #602,Food & Drink,25.14,
01/01/2026,01/03/2026,COSTCO WHSE #0123,Shopping,184.84,
01/03/2026,01/03/2026,CHEWY.COM,Shopping,46.92,
01/03/2026,01/04/2026,AMAZON MKTPL*CA3UBV,Shopping,56.45,
01/03/2026,01/04/2026,SAMPLE PIZZA CO,Food & Drink,33.70,
01/03/2026,01/05/2026,PANERA BREAD #602,Food & Drink,30.46,
01/03/2026,01/05/2026,ANNUAL MEMBERSHIP FEE,Fees & Adjustments,95.00,
01/06/2026,01/06/2026,KROGER #0412,Groceries,117.47,
01/05/2026,01/06/2026,CHIPOTLE 1834,Food & Drink,21.92,
01/05/2026,01/07/2026,NETFLIX.COM,Entertainment,15.49,
01/09/2026,01/09/2026,SAMPLE PIZZA CO,Food & Drink,25.31,
01/10/2026,01/10/2026,TARGET 00012345,Shopping,53.69,
01/09/2026,01/11/2026,CVS/PHARMACY #4410,Health & Wellness,40.57,
01/13/2026,01/13/2026,KROGER #0412,Groceries,161.52,
01/13/2026,01/13/2026,AMAZON MKTPL*XG8MEC,Shopping,57.20,
01/13/2026,01/14/2026,SPOTIFY USA,Entertainment,11.99,
01/14/2026,01/16/2026,PANERA BREAD #602,Food & Drink,60.59,
01/15/2026,01/17/2026,SHELL OIL 57441,Gas,41.22,
01/20/2026,01/21/2026,KROGER #0412,Groceries,187.75,
01/21/2026,01/21/2026,AMAZON MKTPL*9SVZMK,Shopping,82.86,
01/22/2026,01/24/2026,KROGER #0412,Groceries,148.95,
01/25/2026,01/25/2026,AUTOMATIC PAYMENT - THANK YOU,,,2315.92
01/24/2026,01/26/2026,COSTCO GAS #0123,Gas,38.22,
01/25/2026,01/27/2026,AMAZON MKTPL*SVJZHT,Shopping,47.33,
01/25/2026,01/27/2026,COSTCO WHSE #0123,Shopping,191.92,
01/25/2026,01/27/2026,SAMPLE PIZZA CO,Food & Drink,28.32,
01/28/2026,01/28/2026,LOWES #01944,Home,101.22,
01/27/2026,01/29/2026,CHIPOTLE 1834,Food & Drink,50.65,
01/28/2026,01/30/2026,ALDI 77,Groceries,134.67,
01/31/2026,01/31/2026,SHELL OIL 57441,Gas,33.61,
01/30/2026,01/31/2026,SAMPLE PIZZA CO,Food & Drink,62.26,
02/01/2026,02/01/2026,TARGET 00012345,Shopping,101.46,
02/03/2026,02/03/2026,SHELL OIL 57441,Gas,36.77,
02/02/2026,02/04/2026,AMAZON MKTPL*B9ERZH,Shopping,109.89,
02/04/2026,02/04/2026,SHELL OIL 57441,Gas,45.17,
02/02/2026,02/04/2026,SAMPLE PIZZA CO,Food & Drink,15.12,
02/03/2026,02/05/2026,AMAZON MKTPL*GXFMXD,Shopping,14.91,
02/05/2026,02/06/2026,KROGER #0412,Groceries,125.12,
02/05/2026,02/06/2026,CHEWY.COM,Shopping,49.24,
02/06/2026,02/07/2026,NETFLIX.COM,Entertainment,15.49,
02/07/2026,02/09/2026,AMAZON MKTPL*BKJLF8,Shopping,55.28,
02/09/2026,02/10/2026,KROGER #0412,Groceries,185.05,
02/10/2026,02/10/2026,LOWES #01944,Home,143.24,
02/13/2026,02/13/2026,AMAZON MKTPL*GXFMXD,Shopping,,14.91
02/12/2026,02/13/2026,CHIPOTLE 1834,Food & Drink,47.20,
02/14/2026,02/14/2026,PANERA BREAD #602,Food & Drink,40.07,
02/14/2026,02/14/2026,SPOTIFY USA,Entertainment,11.99,
02/14/2026,02/15/2026,COSTCO GAS #0123,Gas,40.42,
02/14/2026,02/16/2026,PANERA BREAD #602,Food & Drink,37.17,
02/15/2026,02/17/2026,ALDI 77,Groceries,98.30,
02/19/2026,02/19/2026,BRIGHT SMILE DENTAL,Health & Wellness,45.00,
02/20/2026,02/20/2026,AMAZON MKTPL*US1E0U,Shopping,64.91,
02/18/2026,02/20/2026,CHIPOTLE 1834,Food & Drink,20.95,
02/19/2026,02/20/2026,SAMPLE PIZZA CO,Food & Drink,11.85,
02/21/2026,02/21/2026,PANERA BREAD #602,Food & Drink,17.71,
02/21/2026,02/23/2026,COSTCO WHSE #0123,Shopping,222.80,
02/22/2026,02/23/2026,PANERA BREAD #602,Food & Drink,19.38,
02/25/2026,02/25/2026,AUTOMATIC PAYMENT - THANK YOU,,,2162.10
02/26/2026,02/27/2026,KROGER #0412,Groceries,141.55,
02/26/2026,02/27/2026,COSTCO WHSE #0123,Shopping,181.87,
03/01/2026,03/01/2026,KROGER #0412,Groceries,172.50,
03/01/2026,03/01/2026,PANERA BREAD #602,Food & Drink,19.16,
02/28/2026,03/02/2026,CHIPOTLE 1834,Food & Drink,57.20,
03/02/2026,03/03/2026,CHEWY.COM,Shopping,48.94,
03/05/2026,03/05/2026,SAMPLE PIZZA CO,Food & Drink,52.83,
03/05/2026,03/06/2026,COSTCO WHSE #0123,Shopping,143.72,
03/07/2026,03/07/2026,SHELL OIL 57441,Gas,51.63,
03/05/2026,03/07/2026,NETFLIX.COM,Entertainment,15.49,
03/10/2026,03/11/2026,LOWES #01944,Home,171.35,
03/13/2026,03/13/2026,KROGER #0412,Groceries,106.35,
03/13/2026,03/14/2026,COSTCO GAS #0123,Gas,46.80,
03/14/2026,03/14/2026,TARGET 00012345,Shopping,64.18,
03/13/2026,03/14/2026,SAMPLE PIZZA CO,Food & Drink,45.92,
03/14/2026,03/14/2026,SPOTIFY USA,Entertainment,11.99,
03/14/2026,03/15/2026,TARGET 00012345,Shopping,64.18,
03/15/2026,03/15/2026,SAMPLE PIZZA CO,Food & Drink,36.43,
03/15/2026,03/16/2026,CHIPOTLE 1834,Food & Drink,41.88,
03/16/2026,03/17/2026,AMAZON MKTPL*FQTYM7,Shopping,14.52,
03/16/2026,03/17/2026,AMAZON MKTPL*1XZDV6,Shopping,75.14,
03/15/2026,03/17/2026,LOWES #01944,Home,156.13,
03/18/2026,03/18/2026,KROGER #0412,Groceries,117.13,
03/19/2026,03/20/2026,CVS/PHARMACY #4410,Health & Wellness,20.68,
03/20/2026,03/21/2026,AMAZON MKTPL*1T4CWA,Shopping,61.07,
03/22/2026,03/22/2026,KROGER #0412,Groceries,99.13,
03/20/2026,03/22/2026,AMAZON MKTPL*FU0U3Q,Shopping,14.17,
03/21/2026,03/23/2026,CHIPOTLE 1834,Food & Drink,51.01,
03/25/2026,03/25/2026,AUTOMATIC PAYMENT - THANK YOU,,,1883.00
03/27/2026,03/27/2026,SHELL OIL 57441,Gas,50.82,
03/28/2026,03/28/2026,CHIPOTLE 1834,Food & Drink,64.63,
03/28/2026,03/29/2026,SAMPLE PIZZA CO,Food & Drink,50.27,
03/30/2026,03/30/2026,COSTCO WHSE #0123,Shopping,166.63,
03/31/2026,03/31/2026,ALDI 77,Groceries,112.55,
03/29/2026,03/31/2026,AMAZON MKTPL*9KYGX4,Shopping,79.14,
04/01/2026,04/01/2026,TARGET 00012345,Shopping,99.40,
04/01/2026,04/03/2026,PANERA BREAD #602,Food & Drink,50.06,
04/03/2026,04/03/2026,CHEWY.COM,Shopping,48.64,
04/03/2026,04/05/2026,ALDI 77,Groceries,143.37,
04/04/2026,04/05/2026,AMAZON MKTPL*6K8S1A,Shopping,88.95,
04/04/2026,04/05/2026,COSTCO WHSE #0123,Shopping,255.23,
04/07/2026,04/07/2026,NETFLIX.COM,Entertainment,15.49,
04/07/2026,04/08/2026,PANERA BREAD #602,Food & Drink,30.17,
04/07/2026,04/09/2026,KROGER #0412,Groceries,116.77,
04/07/2026,04/09/2026,AMAZON MKTPL*0P432P,Shopping,99.89,
04/07/2026,04/09/2026,SHELL OIL 57441,Gas,36.49,
04/09/2026,04/09/2026,SAMPLE PIZZA CO,Food & Drink,47.44,
04/13/2026,04/13/2026,LOWES #01944,Home,177.96,
04/13/2026,04/14/2026,COSTCO WHSE #0123,Shopping,249.11,
04/12/2026,04/14/2026,SPOTIFY USA,Entertainment,11.99,
04/16/2026,04/16/2026,KROGER #0412,Groceries,172.59,
04/20/2026,04/20/2026,LOWES #01944,Home,52.52,
04/23/2026,04/23/2026,COSTCO GAS #0123,Gas,53.37,
04/25/2026,04/25/2026,KROGER #0412,Groceries,160.87,
04/24/2026,04/25/2026,AMAZON MKTPL*FL241G,Shopping,46.93,
04/23/2026,04/25/2026,SHELL OIL 57441,Gas,38.87,
04/25/2026,04/25/2026,AUTOMATIC PAYMENT - THANK YOU,,,2283.57
04/24/2026,04/26/2026,PANERA BREAD #602,Food & Drink,49.29,
04/27/2026,04/27/2026,SAMPLE PIZZA CO,Food & Drink,15.99,
04/27/2026,04/29/2026,KROGER #0412,Groceries,170.14,
04/29/2026,04/30/2026,PANERA BREAD #602,Food & Drink,38.15,
04/29/2026,05/01/2026,KROGER #0412,Groceries,107.86,
05/02/2026,05/02/2026,TARGET 00012345,Shopping,61.88,
05/03/2026,05/05/2026,SHELL OIL 57441,Gas,36.91,
05/05/2026,05/05/2026,CHEWY.COM,Shopping,49.13,
05/05/2026,05/07/2026,NETFLIX.COM,Entertainment,15.49,
05/06/2026,05/08/2026,COSTCO WHSE #0123,Shopping,184.40,
05/07/2026,05/09/2026,AMAZON MKTPL*DLYPSJ,Shopping,31.40,
05/09/2026,05/09/2026,SAMPLE PIZZA CO,Food & Drink,36.66,
05/09/2026,05/11/2026,KROGER #0412,Groceries,180.06,
05/12/2026,05/14/2026,AMAZON MKTPL*3ZVTLP,Shopping,109.30,
05/14/2026,05/14/2026,AMAZON MKTPL*DLYPSJ,Shopping,,31.40
05/12/2026,05/14/2026,COSTCO WHSE #0123,Shopping,249.88,
05/13/2026,05/14/2026,SPOTIFY USA,Entertainment,11.99,
05/14/2026,05/15/2026,CHIPOTLE 1834,Food & Drink,39.22,
05/15/2026,05/15/2026,CHIPOTLE 1834,Food & Drink,44.72,
05/16/2026,05/16/2026,AMAZON MKTPL*VDAD7J,Shopping,112.27,
05/14/2026,05/16/2026,CHIPOTLE 1834,Food & Drink,16.25,
05/16/2026,05/17/2026,CHIPOTLE 1834,Food & Drink,42.86,
05/21/2026,05/21/2026,KROGER #0412,Groceries,181.88,
05/23/2026,05/23/2026,PANERA BREAD #602,Food & Drink,45.55,
05/25/2026,05/25/2026,AUTOMATIC PAYMENT - THANK YOU,,,2269.68
05/25/2026,05/26/2026,CVS/PHARMACY #4410,Health & Wellness,29.32,
05/25/2026,05/27/2026,SAMPLE PIZZA CO,Food & Drink,58.15,
05/26/2026,05/27/2026,LOWES #01944,Home,45.99,
05/28/2026,05/28/2026,ALDI 77,Groceries,168.20,
05/27/2026,05/28/2026,COSTCO GAS #0123,Gas,49.57,
05/29/2026,05/29/2026,KROGER #0412,Groceries,135.48,
05/27/2026,05/29/2026,PANERA BREAD #602,Food & Drink,60.98,
05/30/2026,05/30/2026,SHELL OIL 57441,Gas,46.61,
05/29/2026,05/31/2026,PANERA BREAD #602,Food & Drink,46.22,
06/02/2026,06/02/2026,CHIPOTLE 1834,Food & Drink,55.19,
06/04/2026,06/04/2026,ALDI 77,Groceries,93.92,
06/05/2026,06/05/2026,CHEWY.COM,Shopping,48.72,
06/04/2026,06/06/2026,SHELL OIL 57441,Gas,49.28,
06/07/2026,06/07/2026,NETFLIX.COM,Entertainment,15.49,
06/10/2026,06/11/2026,KROGER #0412,Groceries,145.60,
06/09/2026,06/11/2026,SHELL OIL 57441,Gas,36.91,
06/09/2026,06/11/2026,THE HOME DEPOT #3812,Home,25.80,
06/10/2026,06/12/2026,CHIPOTLE 1834,Food & Drink,17.92,
06/13/2026,06/13/2026,AMAZON MKTPL*7Q8P7V,Shopping,93.27,
06/12/2026,06/13/2026,CHIPOTLE 1834,Food & Drink,43.38,
06/12/2026,06/13/2026,CHIPOTLE 1834,Food & Drink,20.54,
06/12/2026,06/14/2026,SPOTIFY USA,Entertainment,11.99,
06/19/2026,06/20/2026,KROGER #0412,Groceries,145.28,
06/18/2026,06/20/2026,THE HOME DEPOT #3812,Home,25.06,
06/21/2026,06/21/2026,TARGET 00012345,Shopping,95.55,
06/19/2026,06/21/2026,PANERA BREAD #602,Food & Drink,38.78,
06/20/2026,06/21/2026,PANERA BREAD #602,Food & Drink,65.58,
06/21/2026,06/22/2026,TARGET 00012345,Shopping,82.18,
06/21/2026,06/22/2026,PANERA BREAD #602,Food & Drink,63.88,
06/23/2026,06/24/2026,COSTCO WHSE #0123,Shopping,196.75,
06/25/2026,06/25/2026,AMAZON MKTPL*Y9C4GC,Shopping,44.57,
06/24/2026,06/25/2026,COSTCO GAS #0123,Gas,45.10,
06/25/2026,06/25/2026,AUTOMATIC PAYMENT - THANK YOU,,,2166.83
06/24/2026,06/26/2026,AMAZON MKTPL*SX23AS,Shopping,18.09,
06/27/2026,06/27/2026,COSTCO WHSE #0123,Shopping,230.52,
06/28/2026,06/28/2026,KROGER #0412,Groceries,126.58,
06/28/2026,06/30/2026,KROGER #0412,Groceries,88.78,
06/30/2026,07/02/2026,COSTCO GAS #0123,Gas,39.51,
07/01/2026,07/03/2026,KROGER #0412,Groceries,163.09,
07/01/2026,07/03/2026,AMAZON MKTPL*00UAAW,Shopping,91.64,
07/03/2026,07/03/2026,CVS/PHARMACY #4410,Health & Wellness,30.11,
07/03/2026,07/05/2026,AMAZON MKTPL*SPX0AD,Shopping,57.72,
07/04/2026,07/05/2026,CHIPOTLE 1834,Food & Drink,48.85,
07/04/2026,07/05/2026,CHEWY.COM,Shopping,47.95,
07/05/2026,07/07/2026,NETFLIX.COM,Entertainment,15.49,
07/08/2026,07/08/2026,SAMPLE AIRLINES,Travel,486.60,
07/09/2026,07/09/2026,COSTCO WHSE #0123,Shopping,158.30,
07/07/2026,07/09/2026,SAMPLE PIZZA CO,Food & Drink,13.86,
07/07/2026,07/09/2026,CHIPOTLE 1834,Food & Drink,33.41,
07/10/2026,07/11/2026,SAMPLE PIZZA CO,Food & Drink,48.53,
07/12/2026,07/12/2026,AMAZON MKTPL*E1RB2W,Shopping,77.55,
07/11/2026,07/12/2026,PANERA BREAD #602,Food & Drink,40.89,
07/12/2026,07/14/2026,KROGER #0412,Groceries,154.07,
07/14/2026,07/14/2026,SPOTIFY USA,Entertainment,11.99,
07/14/2026,07/15/2026,LOWES #01944,Home,104.35,
07/15/2026,07/16/2026,SHELL OIL 57441,Gas,44.12,
07/16/2026,07/17/2026,KROGER #0412,Groceries,97.24,
07/16/2026,07/18/2026,CHIPOTLE 1834,Food & Drink,13.74,
07/20/2026,07/20/2026,COSTCO WHSE #0123,Shopping,210.13,
07/20/2026,07/22/2026,CHIPOTLE 1834,Food & Drink,33.58,
07/22/2026,07/24/2026,SAMPLE PIZZA CO,Food & Drink,55.60,
07/25/2026,07/25/2026,AUTOMATIC PAYMENT - THANK YOU,,,1924.71
07/27/2026,07/27/2026,KROGER #0412,Groceries,87.88,
07/28/2026,07/28/2026,SAMPLE PIZZA CO,Food & Drink,29.55,
07/29/2026,07/29/2026,SHELL OIL 57441,Gas,48.98,
07/31/2026,07/31/2026,TARGET 00012345,Shopping,88.26,
07/30/2026,08/01/2026,KROGER #0412,Groceries,141.42,
08/03/2026,08/03/2026,AMAZON MKTPL*GXBB3B,Shopping,115.99,
08/01/2026,08/03/2026,CHIPOTLE 1834,Food & Drink,63.90,
08/02/2026,08/03/2026,CHIPOTLE 1834,Food & Drink,47.08,
08/04/2026,08/04/2026,SAMPLE PIZZA CO,Food & Drink,31.45,
08/02/2026,08/04/2026,BRIGHT SMILE DENTAL,Health & Wellness,860.00,
08/04/2026,08/05/2026,AMAZON MKTPL*77KU1L,Shopping,110.35,
08/03/2026,08/05/2026,AMAZON MKTPL*LPUAM1,Shopping,63.41,
08/04/2026,08/05/2026,COSTCO GAS #0123,Gas,50.66,
08/04/2026,08/05/2026,CHIPOTLE 1834,Food & Drink,44.82,
08/06/2026,08/06/2026,CHEWY.COM,Shopping,48.49,
08/07/2026,08/07/2026,COSTCO WHSE #0123,Shopping,205.49,
08/06/2026,08/07/2026,NETFLIX.COM,Entertainment,15.49,
08/10/2026,08/10/2026,AMAZON MKTPL*77KU1L,Shopping,,110.35
08/11/2026,08/11/2026,SAMPLE ENDODONTICS,Health & Wellness,715.40,
08/12/2026,08/14/2026,ALDI 77,Groceries,116.17,
08/14/2026,08/14/2026,SAMPLE PIZZA CO,Food & Drink,29.60,
08/13/2026,08/14/2026,SPOTIFY USA,Entertainment,11.99,
08/14/2026,08/16/2026,SAMPLE PIZZA CO,Food & Drink,21.21,
08/15/2026,08/17/2026,SAMPLE PIZZA CO,Food & Drink,21.73,
08/18/2026,08/20/2026,KROGER #0412,Groceries,130.36,
08/19/2026,08/20/2026,AMAZON MKTPL*07ZXY2,Shopping,31.39,
08/21/2026,08/22/2026,AMAZON MKTPL*FM5HV1,Shopping,80.44,
08/22/2026,08/22/2026,SAMPLE PIZZA CO,Food & Drink,12.49,
08/21/2026,08/23/2026,SHELL OIL 57441,Gas,47.25,
08/23/2026,08/23/2026,PANERA BREAD #602,Food & Drink,23.71,
08/24/2026,08/25/2026,KROGER #0412,Groceries,155.12,
08/23/2026,08/25/2026,TARGET 00012345,Shopping,74.03,
08/23/2026,08/25/2026,SAMPLE ENDODONTICS,Health & Wellness,412.30,
08/25/2026,08/25/2026,AUTOMATIC PAYMENT - THANK YOU,,,2332.99
08/26/2026,08/28/2026,SAMPLE PIZZA CO,Food & Drink,29.53,
08/27/2026,08/28/2026,THE HOME DEPOT #3812,Home,79.24,
08/28/2026,08/29/2026,KROGER #0412,Groceries,86.31,
08/29/2026,08/29/2026,COSTCO WHSE #0123,Shopping,249.91,
08/29/2026,08/29/2026,SHELL OIL 57441,Gas,40.01,
08/31/2026,08/31/2026,LOWES #01944,Home,58.06,
08/31/2026,09/02/2026,KROGER #0412,Groceries,131.39,
09/01/2026,09/02/2026,CHIPOTLE 1834,Food & Drink,56.47,
09/02/2026,09/03/2026,AMAZON MKTPL*5AN51A,Shopping,65.24,
09/04/2026,09/04/2026,SAMPLE PIZZA CO,Food & Drink,38.93,
09/05/2026,09/05/2026,PANERA BREAD #602,Food & Drink,52.26,
09/05/2026,09/05/2026,CHEWY.COM,Shopping,48.54,
09/05/2026,09/06/2026,TARGET 00012345,Shopping,88.10,
09/06/2026,09/06/2026,CVS/PHARMACY #4410,Health & Wellness,39.88,
09/05/2026,09/07/2026,NETFLIX.COM,Entertainment,15.49,
09/08/2026,09/08/2026,PANERA BREAD #602,Food & Drink,33.12,
09/09/2026,09/10/2026,KROGER #0412,Groceries,155.55,
09/08/2026,09/10/2026,AMAZON MKTPL*NT3UWB,Shopping,93.88,
09/13/2026,09/13/2026,AMAZON MKTPL*UFQ3S9,Shopping,102.37,
09/14/2026,09/14/2026,COSTCO WHSE #0123,Shopping,203.31,
09/14/2026,09/14/2026,SPOTIFY USA,Entertainment,11.99,
09/14/2026,09/16/2026,COSTCO GAS #0123,Gas,38.99,
09/15/2026,09/16/2026,SHELL OIL 57441,Gas,48.17,
09/15/2026,09/17/2026,AMAZON MKTPL*JZEM8Y,Shopping,73.66,
09/17/2026,09/18/2026,CHIPOTLE 1834,Food & Drink,12.24,
09/20/2026,09/21/2026,KROGER #0412,Groceries,155.81,
09/22/2026,09/22/2026,LOWES #01944,Home,161.01,
09/21/2026,09/23/2026,SHELL OIL 57441,Gas,36.21,
09/22/2026,09/23/2026,PANERA BREAD #602,Food & Drink,31.95,
09/23/2026,09/23/2026,LOWES #01944,Home,117.46,
09/25/2026,09/25/2026,AUTOMATIC PAYMENT - THANK YOU,,,4114.45
09/25/2026,09/26/2026,KROGER #0412,Groceries,153.25,
09/27/2026,09/27/2026,COSTCO WHSE #0123,Shopping,145.07,
09/27/2026,09/28/2026,CHIPOTLE 1834,Food & Drink,11.82,
09/29/2026,09/30/2026,CHIPOTLE 1834,Food & Drink,59.25,
