Date,Description,Amount,Balance
12/26/2025,SAMPLE EMPLOYER PAYROLL DIR DEP,1880.00,51296.08
12/25/2025,SAMPLE BANK CARD AUTOPAY,-1975.92,49416.08
12/22/2025,SAMPLE WIRELESS,-92.40,51392.00
12/18/2025,SAMPLE GAS UTILITY,-185.84,51484.40
12/18/2025,SAMPLE ELECTRIC CO,-100.50,51670.24
12/15/2025,ONLINE TRANSFER FROM SAM PERSONAL CHK,1325.00,51770.74
12/12/2025,SAMPLE EMPLOYER PAYROLL DIR DEP,1880.00,50445.74
12/12/2025,SAMPLE INTERNET CO,-75.00,48565.74
12/09/2025,SAMPLE STORE CARD PAYMENT,-55.00,48640.74
12/02/2025,TRANSFER TO SAVINGS,-250.00,48695.74
12/01/2025,ONLINE TRANSFER FROM SAM PERSONAL CHK,1325.00,48945.74
12/01/2025,SAMPLE MORTGAGE SERVICER PMT,-1412.56,47620.74
11/28/2025,SAMPLE EMPLOYER PAYROLL DIR DEP,1880.00,49033.30
11/25/2025,SAMPLE BANK CARD AUTOPAY,-1913.40,47153.30
11/22/2025,SAMPLE WIRELESS,-92.40,49066.70
11/20/2025,SAMPLE ELECTRIC CO,-93.17,49159.10
11/19/2025,SAMPLE GAS UTILITY,-127.19,49252.27
11/14/2025,SAMPLE EMPLOYER PAYROLL DIR DEP,1880.00,49379.46
11/14/2025,ONLINE TRANSFER FROM SAM PERSONAL CHK,1325.00,47499.46
11/12/2025,SAMPLE INTERNET CO,-75.00,46174.46
11/09/2025,SAMPLE STORE CARD PAYMENT,-55.00,46249.46
11/02/2025,TRANSFER TO SAVINGS,-250.00,46304.46
11/01/2025,SAMPLE MORTGAGE SERVICER PMT,-1412.56,46554.46
10/31/2025,SAMPLE EMPLOYER PAYROLL DIR DEP,1880.00,47967.02
10/31/2025,ONLINE TRANSFER FROM SAM PERSONAL CHK,1325.00,46087.02
10/25/2025,SAMPLE BANK CARD AUTOPAY,-1894.73,44762.02
10/22/2025,SAMPLE WIRELESS,-92.40,46656.75
10/19/2025,SAMPLE ELECTRIC CO,-92.42,46749.15
10/18/2025,SAMPLE GAS UTILITY,-73.84,46841.57
10/17/2025,SAMPLE EMPLOYER PAYROLL DIR DEP,1880.00,46915.41
10/15/2025,ONLINE TRANSFER FROM SAM PERSONAL CHK,1325.00,45035.41
10/12/2025,SAMPLE INTERNET CO,-75.00,43710.41
10/11/2025,SAMPLE CITY WATER SEWER,-167.46,43785.41
10/09/2025,SAMPLE STORE CARD PAYMENT,-55.00,43952.87
10/03/2025,SAMPLE EMPLOYER PAYROLL DIR DEP,1880.00,44007.87
10/02/2025,TRANSFER TO SAVINGS,-250.00,42127.87
10/01/2025,ONLINE TRANSFER FROM SAM PERSONAL CHK,1325.00,42377.87
10/01/2025,SAMPLE MORTGAGE SERVICER PMT,-1412.56,41052.87
09/25/2025,SAMPLE BANK CARD AUTOPAY,-2233.57,42465.43
09/22/2025,SAMPLE WIRELESS,-92.40,44699.00
09/21/2025,SAMPLE GAS UTILITY,-32.40,44791.40
09/20/2025,SAMPLE ELECTRIC CO,-118.47,44823.80
09/19/2025,SAMPLE EMPLOYER PAYROLL DIR DEP,1880.00,44942.27
09/15/2025,ONLINE TRANSFER FROM SAM PERSONAL CHK,1325.00,43062.27
09/12/2025,SAMPLE INTERNET CO,-75.00,41737.27
09/09/2025,SAMPLE STORE CARD PAYMENT,-55.00,41812.27
09/05/2025,SAMPLE EMPLOYER PAYROLL DIR DEP,1880.00,41867.27
09/02/2025,TRANSFER TO SAVINGS,-250.00,39987.27
09/01/2025,ONLINE TRANSFER FROM SAM PERSONAL CHK,1325.00,40237.27
09/01/2025,SAMPLE MORTGAGE SERVICER PMT,-1412.56,38912.27
08/25/2025,SAMPLE BANK CARD AUTOPAY,-2415.13,40324.83
08/22/2025,SAMPLE EMPLOYER PAYROLL DIR DEP,1880.00,42739.96
08/22/2025,SAMPLE WIRELESS,-92.40,40859.96
08/20/2025,SAMPLE GAS UTILITY,-25.73,40952.36
08/20/2025,SAMPLE ELECTRIC CO,-144.32,40978.09
08/15/2025,ONLINE TRANSFER FROM SAM PERSONAL CHK,1325.00,41122.41
08/12/2025,SAMPLE INTERNET CO,-75.00,39797.41
08/09/2025,SAMPLE STORE CARD PAYMENT,-55.00,39872.41
08/08/2025,SAMPLE EMPLOYER PAYROLL DIR DEP,1880.00,39927.41
08/02/2025,TRANSFER TO SAVINGS,-250.00,38047.41
08/01/2025,ONLINE TRANSFER FROM SAM PERSONAL CHK,1325.00,38297.41
08/01/2025,SAMPLE MORTGAGE SERVICER PMT,-1412.56,36972.41
07/25/2025,SAMPLE BANK CARD AUTOPAY,-2186.41,38384.97
07/25/2025,SAMPLE EMPLOYER PAYROLL DIR DEP,1880.00,40571.38
07/22/2025,SAMPLE WIRELESS,-92.40,38691.38
07/19/2025,SAMPLE GAS UTILITY,-32.66,38783.78
07/19/2025,SAMPLE ELECTRIC CO,-148.81,38816.44
07/15/2025,ONLINE TRANSFER FROM SAM PERSONAL CHK,1325.00,38965.25
07/12/2025,SAMPLE INTERNET CO,-75.00,37640.25
07/11/2025,SAMPLE EMPLOYER PAYROLL DIR DEP,1880.00,37715.25
07/11/2025,SAMPLE CITY WATER SEWER,-153.68,35835.25
07/09/2025,SAMPLE STORE CARD PAYMENT,-55.00,35988.93
07/02/2025,TRANSFER TO SAVINGS,-250.00,36043.93
07/01/2025,ONLINE TRANSFER FROM SAM PERSONAL CHK,1325.00,36293.93
07/01/2025,SAMPLE MORTGAGE SERVICER PMT,-1412.56,34968.93
06/27/2025,SAMPLE EMPLOYER PAYROLL DIR DEP,1880.00,36381.49
06/25/2025,SAMPLE BANK CARD AUTOPAY,-1861.92,34501.49
06/22/2025,SAMPLE WIRELESS,-92.40,36363.41
06/19/2025,SAMPLE GAS UTILITY,-42.76,36455.81
06/17/2025,SAMPLE ELECTRIC CO,-127.37,36498.57
06/13/2025,SAMPLE EMPLOYER PAYROLL DIR DEP,1880.00,36625.94
06/13/2025,ONLINE TRANSFER FROM SAM PERSONAL CHK,1325.00,34745.94
06/12/2025,SAMPLE INTERNET CO,-75.00,33420.94
06/09/2025,SAMPLE STORE CARD PAYMENT,-55.00,33495.94
06/02/2025,TRANSFER TO SAVINGS,-250.00,33550.94
06/01/2025,SAMPLE MORTGAGE SERVICER PMT,-1412.56,33800.94
05/30/2025,SAMPLE EMPLOYER PAYROLL DIR DEP,1880.00,35213.50
05/30/2025,ONLINE TRANSFER FROM SAM PERSONAL CHK,1325.00,33333.50
05/25/2025,SAMPLE BANK CARD AUTOPAY,-1963.24,32008.50
05/22/2025,SAMPLE WIRELESS,-92.40,33971.74
05/22/2025,SAMPLE GAS UTILITY,-62.61,34064.14
05/17/2025,SAMPLE ELECTRIC CO,-98.76,34126.75
05/16/2025,SAMPLE EMPLOYER PAYROLL DIR DEP,1880.00,34225.51
05/15/2025,ONLINE TRANSFER FROM SAM PERSONAL CHK,1325.00,32345.51
05/12/2025,SAMPLE INTERNET CO,-75.00,31020.51
05/09/2025,SAMPLE STORE CARD PAYMENT,-55.00,31095.51
05/02/2025,SAMPLE EMPLOYER PAYROLL DIR DEP,1880.00,31150.51
05/01/2025,ONLINE TRANSFER FROM SAM PERSONAL CHK,1325.00,29270.51
05/01/2025,SAMPLE MORTGAGE SERVICER PMT,-1412.56,27945.51
04/25/2025,SAMPLE BANK CARD AUTOPAY,-2091.76,29358.07
04/22/2025,SAMPLE WIRELESS,-92.40,31449.83
04/21/2025,SAMPLE GAS UTILITY,-90.83,31542.23
04/20/2025,SAMPLE ELECTRIC CO,-79.61,31633.06
04/18/2025,SAMPLE EMPLOYER PAYROLL DIR DEP,1880.00,31712.67
04/15/2025,ONLINE TRANSFER FROM SAM PERSONAL CHK,1325.00,29832.67
04/12/2025,SAMPLE INTERNET CO,-75.00,28507.67
04/12/2025,SAMPLE CITY WATER SEWER,-173.33,28582.67
04/09/2025,SAMPLE STORE CARD PAYMENT,-55.00,28756.00
04/04/2025,SAMPLE EMPLOYER PAYROLL DIR DEP,1880.00,28811.00
04/01/2025,ONLINE TRANSFER FROM SAM PERSONAL CHK,1325.00,26931.00
04/01/2025,SAMPLE MORTGAGE SERVICER PMT,-1412.56,25606.00
03/25/2025,SAMPLE BANK CARD AUTOPAY,-2232.24,27018.56
03/22/2025,SAMPLE WIRELESS,-92.40,29250.80
03/21/2025,SAMPLE EMPLOYER PAYROLL DIR DEP,1880.00,29343.20
03/20/2025,SAMPLE GAS UTILITY,-149.14,27463.20
03/16/2025,SAMPLE ELECTRIC CO,-80.19,27612.34
03/15/2025,SAMPLE HOME INSURANCE,-1104.00,27692.53
03/14/2025,ONLINE TRANSFER FROM SAM PERSONAL CHK,1325.00,28796.53
03/12/2025,SAMPLE INTERNET CO,-75.00,27471.53
03/09/2025,SAMPLE STORE CARD PAYMENT,-55.00,27546.53
03/07/2025,SAMPLE EMPLOYER PAYROLL DIR DEP,1880.00,27601.53
03/01/2025,SAMPLE MORTGAGE SERVICER PMT,-1412.56,25721.53
02/28/2025,ONLINE TRANSFER FROM SAM PERSONAL CHK,1325.00,27134.09
02/25/2025,SAMPLE BANK CARD AUTOPAY,-2233.96,25809.09
02/22/2025,SAMPLE WIRELESS,-92.40,28043.05
02/21/2025,SAMPLE EMPLOYER PAYROLL DIR DEP,1880.00,28135.45
02/21/2025,SAMPLE GAS UTILITY,-187.56,26255.45
02/20/2025,SAMPLE ELECTRIC CO,-86.43,26443.01
02/14/2025,ONLINE TRANSFER FROM SAM PERSONAL CHK,1325.00,26529.44
02/12/2025,SAMPLE INTERNET CO,-75.00,25204.44
02/09/2025,SAMPLE STORE CARD PAYMENT,-55.00,25279.44
02/07/2025,SAMPLE EMPLOYER PAYROLL DIR DEP,1880.00,25334.44
02/01/2025,SAMPLE MORTGAGE SERVICER PMT,-1412.56,23454.44
01/31/2025,ONLINE TRANSFER FROM SAM PERSONAL CHK,1325.00,24867.00
01/24/2025,SAMPLE EMPLOYER PAYROLL DIR DEP,1880.00,23542.00
01/22/2025,SAMPLE WIRELESS,-92.40,21662.00
01/21/2025,SAMPLE GAS UTILITY,-208.64,21754.40
01/17/2025,SAMPLE ELECTRIC CO,-92.89,21963.04
01/15/2025,ONLINE TRANSFER FROM SAM PERSONAL CHK,1325.00,22055.93
01/12/2025,SAMPLE INTERNET CO,-75.00,20730.93
01/10/2025,SAMPLE EMPLOYER PAYROLL DIR DEP,1880.00,20805.93
01/09/2025,SAMPLE STORE CARD PAYMENT,-55.00,18925.93
01/08/2025,SAMPLE CITY WATER SEWER,-164.27,18980.93
01/01/2025,ONLINE TRANSFER FROM SAM PERSONAL CHK,1325.00,19145.20
01/01/2025,SAMPLE MORTGAGE SERVICER PMT,-1412.56,17820.20
12/27/2024,SAMPLE EMPLOYER PAYROLL DIR DEP,1880.00,19232.76
12/22/2024,SAMPLE WIRELESS,-92.40,17352.76
12/20/2024,SAMPLE GAS UTILITY,-179.82,17445.16
12/19/2024,SAMPLE ELECTRIC CO,-96.48,17624.98
12/13/2024,SAMPLE EMPLOYER PAYROLL DIR DEP,1880.00,17721.46
12/13/2024,ONLINE TRANSFER FROM SAM PERSONAL CHK,1325.00,15841.46
12/12/2024,SAMPLE INTERNET CO,-75.00,14516.46
12/09/2024,SAMPLE STORE CARD PAYMENT,-55.00,14591.46
12/01/2024,SAMPLE MORTGAGE SERVICER PMT,-1412.56,14646.46
11/29/2024,SAMPLE EMPLOYER PAYROLL DIR DEP,1880.00,16059.02
11/29/2024,ONLINE TRANSFER FROM SAM PERSONAL CHK,1325.00,14179.02
11/22/2024,SAMPLE WIRELESS,-92.40,12854.02
11/20/2024,SAMPLE GAS UTILITY,-134.56,12946.42
11/16/2024,SAMPLE ELECTRIC CO,-84.12,13080.98
11/15/2024,SAMPLE EMPLOYER PAYROLL DIR DEP,1880.00,13165.10
11/15/2024,ONLINE TRANSFER FROM SAM PERSONAL CHK,1325.00,11285.10
11/12/2024,SAMPLE INTERNET CO,-75.00,9960.10
11/09/2024,SAMPLE STORE CARD PAYMENT,-55.00,10035.10
11/01/2024,SAMPLE EMPLOYER PAYROLL DIR DEP,1880.00,10090.10
11/01/2024,ONLINE TRANSFER FROM SAM PERSONAL CHK,1325.00,8210.10
11/01/2024,SAMPLE MORTGAGE SERVICER PMT,-1412.56,6885.10
10/22/2024,SAMPLE WIRELESS,-92.40,8297.66
10/21/2024,SAMPLE GAS UTILITY,-80.00,8390.06
10/18/2024,SAMPLE EMPLOYER PAYROLL DIR DEP,1880.00,8470.06
10/17/2024,SAMPLE ELECTRIC CO,-82.13,6590.06
10/15/2024,ONLINE TRANSFER FROM SAM PERSONAL CHK,1325.00,6672.19
10/12/2024,SAMPLE INTERNET CO,-75.00,5347.19
10/12/2024,SAMPLE CITY WATER SEWER,-165.25,5422.19
10/09/2024,SAMPLE STORE CARD PAYMENT,-55.00,5587.44
10/04/2024,SAMPLE EMPLOYER PAYROLL DIR DEP,1880.00,5642.44
10/01/2024,ONLINE TRANSFER FROM SAM PERSONAL CHK,1325.00,3762.44
10/01/2024,SAMPLE MORTGAGE SERVICER PMT,-1412.56,2437.44
