Posting Date,Description,Amount
2025-06-02,TRANSFER FROM CHECKING,250.00
2025-06-30,INTEREST PAID,5.82
2025-07-02,TRANSFER FROM CHECKING,250.00
2025-07-31,INTEREST PAID,4.85
2025-08-02,TRANSFER FROM CHECKING,250.00
2025-08-31,INTEREST PAID,4.87
2025-09-02,TRANSFER FROM CHECKING,250.00
2025-09-30,INTEREST PAID,2.11
2025-10-02,TRANSFER FROM CHECKING,250.00
2025-10-31,INTEREST PAID,4.78
2025-11-02,TRANSFER FROM CHECKING,250.00
2025-11-30,INTEREST PAID,1.92
2025-12-02,TRANSFER FROM CHECKING,250.00
2025-12-31,INTEREST PAID,3.23
2026-01-02,TRANSFER FROM CHECKING,250.00
2026-01-31,INTEREST PAID,5.41
2026-02-02,TRANSFER FROM CHECKING,250.00
2026-02-28,INTEREST PAID,2.45
2026-03-02,TRANSFER FROM CHECKING,250.00
2026-03-31,INTEREST PAID,2.12
2026-04-02,TRANSFER FROM CHECKING,250.00
2026-04-30,INTEREST PAID,5.46
2026-05-02,TRANSFER FROM CHECKING,250.00
2026-05-31,INTEREST PAID,4.98
2026-06-02,TRANSFER FROM CHECKING,250.00
2026-06-30,INTEREST PAID,1.12
2026-07-02,TRANSFER FROM CHECKING,250.00
2026-07-31,INTEREST PAID,4.59
2026-08-02,TRANSFER FROM CHECKING,250.00
2026-08-31,INTEREST PAID,5.15
2026-09-02,TRANSFER FROM CHECKING,250.00
2026-09-30,INTEREST PAID,5.80
